<?xml version="1.0" encoding="UTF-8"?>
<project-private xmlns="http://www.netbeans.org/ns/project-private/1">
    <data xmlns="http://www.netbeans.org/ns/make-project-private/1">
        <activeConfTypeElem>1</activeConfTypeElem>
        <activeConfIndexElem>0</activeConfIndexElem>
    </data>
    <editor-bookmarks xmlns="http://www.netbeans.org/ns/editor-bookmarks/2" lastBookmarkId="0"/>
    <open-files xmlns="http://www.netbeans.org/ns/projectui-open-files/2">
        <group name="Group 20140626-07:04:15">
            <file>file:/C:/Users/tony/Desktop/Project%202%2046023/centerCenter.txt</file>
            <file>file:/C:/Users/tony/Desktop/Project%202%2046023/rightCenter.txt</file>
            <file>file:/C:/Users/tony/Desktop/Project%202%2046023/rightRight.txt</file>
            <file>file:/C:/Users/tony/Desktop/Project%202%2046023/main.cpp</file>
            <file>file:/C:/Users/tony/Desktop/Project%202%2046023/leftCenter.txt</file>
            <file>file:/C:/Users/tony/Desktop/Project%202%2046023/centerRight.txt</file>
            <file>file:/C:/Users/tony/Desktop/Project%202%2046023/leftRight.txt</file>
            <file>file:/C:/Users/tony/Desktop/Project%202%2046023/leftLeft.txt</file>
            <file>file:/C:/Users/tony/Desktop/Project%202%2046023/centerLeft.txt</file>
            <file>file:/C:/Users/tony/Desktop/Project%202%2046023/rightLeft.txt</file>
        </group>
    </open-files>
</project-private>
