<?xml version="1.0" encoding="UTF-8"?>
<project-private xmlns="http://www.netbeans.org/ns/project-private/1">
    <data xmlns="http://www.netbeans.org/ns/make-project-private/1">
        <activeConfTypeElem>1</activeConfTypeElem>
        <activeConfIndexElem>0</activeConfIndexElem>
    </data>
    <editor-bookmarks xmlns="http://www.netbeans.org/ns/editor-bookmarks/2" lastBookmarkId="0"/>
    <open-files xmlns="http://www.netbeans.org/ns/projectui-open-files/2">
        <group name="Group 20140626-07:04:15">
            <file>file:/C:/Users/tony/Desktop/CSC5-TR1889515/Homework/Assignment%204/Gaddis_7thEd_Chap5_Prob12_celFahr/main.cpp</file>
        </group>
    </open-files>
</project-private>
